period,month_index,raw_materials,salaries,electricity,water,rent,promotion,operations,total_expense
2024-01-01_to_2024-01-30,1,26892365,12166614,2903030,1303522,3966457,4428120,4203063,53536216
2024-01-02_to_2024-01-31,2,26893618,12120316,2902373,1346616,3977123,4453679,4259485,54262018
2024-01-03_to_2024-02-01,3,27440691,12131112,2878133,1339330,3980715,4597620,4191634,53183379
2024-01-04_to_2024-02-02,4,27520073,12036022,2842820,1353823,4032466,4611973,4113970,53066033
2024-01-05_to_2024-02-03,5,27186716,11938100,2829547,1354741,4048357,4662134,4027115,52643672
2024-01-06_to_2024-02-04,6,27276508,11872298,2821970,1347602,4097819,4708709,3893231,52984349
2024-01-07_to_2024-02-05,7,27128506,11938971,2810935,1351996,4120786,4562341,3859376,53091332
2024-01-08_to_2024-02-06,8,26472882,11873849,2775780,1323050,4142389,4572388,3960336,53887889
2024-01-09_to_2024-02-07,9,26355807,11880289,2805473,1346726,4105772,4560496,4014972,53974623
2024-01-10_to_2024-02-08,10,25554847,11913555,2788058,1337661,4123947,4656421,4030529,54409678
2024-01-11_to_2024-02-09,11,26027079,11909217,2766367,1360690,4189532,4694181,4089209,53962354
2024-01-12_to_2024-02-10,12,26769122,11862520,2724718,1367318,4122218,4689614,4128728,53962807
2024-01-13_to_2024-02-11,13,26459856,11700283,2746312,1355745,4054316,4701380,4257447,54276628
2024-01-14_to_2024-02-12,14,26467984,11858746,2730073,1372436,4017884,4629415,4250785,55298207
2024-01-15_to_2024-02-13,15,25912925,11816881,2735511,1362512,4064023,4742470,4229681,55480944
2024-01-16_to_2024-02-14,16,26276114,12080955,2720617,1378801,4080710,4543782,4139011,55327856
2024-01-17_to_2024-02-15,17,25834190,12239211,2761320,1355160,4127757,4534819,4073981,55239616
2024-01-18_to_2024-02-16,18,26380560,12421808,2804016,1340012,4110267,4598226,3968740,55340326
2024-01-19_to_2024-02-17,19,25974620,12397593,2763824,1318351,4046957,4671154,3887222,56173484
2024-01-20_to_2024-02-18,20,26427043,12470954,2723634,1328747,4020789,4742040,3881766,56264416
2024-01-21_to_2024-02-19,21,26122339,12579017,2747853,1326088,4008335,4716120,3990126,56486299
2024-01-22_to_2024-02-20,22,25986930,12475139,2790707,1306816,4041474,4588539,4010152,56161972
2024-01-23_to_2024-02-21,23,25197450,12432971,2755002,1297944,4067117,4488818,4020680,56923991
2024-01-24_to_2024-02-22,24,25302384,12372485,2733691,1304833,4033460,4530389,3943100,56968074
2024-01-25_to_2024-02-23,25,24502377,12578614,2763281,1306914,4070823,4503379,3955105,57079282
2024-01-26_to_2024-02-24,26,24417780,12596601,2774076,1324477,4077290,4641824,3952083,56748284
2024-01-27_to_2024-02-25,27,23963508,12697357,2755714,1330928,4060834,4632466,4014387,57149757
2024-01-28_to_2024-02-26,28,24281535,12670604,2834425,1341956,4044959,4698006,3993465,56821704
2024-01-29_to_2024-02-27,29,24789581,12571354,2823792,1329582,4032874,4699356,4103517,56468854
2024-01-30_to_2024-02-28,30,24777277,12608206,2811521,1291172,4025846,4551576,4087921,57134151
2024-01-31_to_2024-03-01,31,24359964,12466810,2816291,1287611,4051339,4555419,3998782,57347523
2024-02-01_to_2024-03-02,32,25180720,12557577,2822827,1280206,3989689,4522022,3908977,57038329
2024-02-02_to_2024-03-03,33,24502028,12334994,2813795,1268929,4007193,4321401,3935039,57578208
2024-02-03_to_2024-03-04,34,24593183,12247489,2812016,1247867,4005657,4246178,3913643,58298310
2024-02-04_to_2024-03-05,35,24483765,12192588,2754475,1210897,3967002,4157384,3877561,58468027
2024-02-05_to_2024-03-06,36,24605516,12287274,2696510,1197508,3969939,4308064,3919538,57969111
2024-02-06_to_2024-03-07,37,24756166,12167720,2665496,1171404,3987404,4464266,3878876,57918355
2024-02-07_to_2024-03-08,38,25314817,12392675,2655014,1196473,3965782,4541542,3821586,57394053
2024-02-08_to_2024-03-09,39,25469372,12463227,2616576,1155772,4012558,4495675,3761443,57230216
2024-02-09_to_2024-03-10,40,25862678,12588181,2580811,1127109,4024955,4430306,3795638,56731466
2024-02-10_to_2024-03-11,41,25512125,12548134,2569295,1093980,3967129,4425923,3845768,56715295
2024-02-11_to_2024-03-12,42,25361899,12589405,2613474,1094393,3968676,4467340,3867620,55889975
2024-02-12_to_2024-03-13,43,25670461,12719943,2643138,1106168,4032320,4291022,3813576,55750076
2024-02-13_to_2024-03-14,44,26376629,12763010,2634386,1082361,4094973,4433678,3913170,55340169
2024-02-14_to_2024-03-15,45,26495745,12860568,2622975,1086461,4105224,4356923,3953048,55671040
2024-02-15_to_2024-03-16,46,26005100,12827260,2664089,1100624,4122856,4516988,4090939,55482136
2024-02-16_to_2024-03-17,47,26124846,12820067,2649887,1087263,4066040,4426595,4064918,56597717
2024-02-17_to_2024-03-18,48,26224560,12774860,2614111,1099490,4067986,4415225,4144094,56061143
2024-02-18_to_2024-03-19,49,26765093,12835124,2656808,1137194,4085196,4446921,4247148,55869793
2024-02-19_to_2024-03-20,50,26404620,13033907,2735705,1134035,4108174,4494164,4353811,55689859
2024-02-20_to_2024-03-21,51,26765779,12992675,2758670,1146089,4122896,4458696,4241494,56222711
2024-02-21_to_2024-03-22,52,26330910,13150777,2678905,1143292,4061278,4570979,4225831,56214494
2024-02-22_to_2024-03-23,53,27161731,13178861,2704676,1154546,4050973,4569936,4103268,55903626
2024-02-23_to_2024-03-24,54,26989910,13113795,2704100,1163875,4081309,4702169,4212916,55847234
2024-02-24_to_2024-03-25,55,27217631,13071228,2732643,1145637,4056702,4698848,4156593,56230839
2024-02-25_to_2024-03-26,56,27030003,12975521,2707752,1118248,4075252,4702711,4138797,56570915
2024-02-26_to_2024-03-27,57,27447195,12949380,2656147,1125230,4108360,4702899,4160546,55818908
2024-02-27_to_2024-03-28,58,27635816,12724831,2588445,1106926,4074040,4574998,4116648,55753967
2024-02-28_to_2024-03-29,59,27421805,12743297,2587945,1114869,4055095,4485648,4060195,55856238
2024-03-01_to_2024-03-30,60,28009835,12632420,2601445,1126499,4107375,4604846,4051731,55734130
2024-03-02_to_2024-03-31,61,28208338,12639290,2613667,1128875,4149798,4488333,4119222,55923040
2024-03-03_to_2024-04-01,62,27550749,12698992,2591340,1092466,4199735,4655427,4249620,55713406
2024-03-04_to_2024-04-02,63,27945392,12798122,2588002,1121001,4199903,4698577,4227211,55779991
2024-03-05_to_2024-04-03,64,28330418,12930933,2633530,1141626,4199960,4792597,4269246,55233231
2024-03-06_to_2024-04-04,65,28360938,13124220,2664410,1161458,4179760,4678057,4299184,56212410
2024-03-07_to_2024-04-05,66,28150006,12943235,2728185,1171764,4116579,4618153,4241189,56804669
2024-03-08_to_2024-04-06,67,28030686,13010222,2726101,1204554,4107706,4568640,4270446,56467923
2024-03-09_to_2024-04-07,68,27574573,12829682,2739069,1180764,4104559,4619910,4345496,56653248
2024-03-10_to_2024-04-08,69,27412099,12820260,2714826,1179434,4082057,4637476,4384064,55954188
2024-03-11_to_2024-04-09,70,27059464,12811541,2776872,1184951,4007908,4636079,4254651,56535103
2024-03-12_to_2024-04-10,71,27141210,12781195,2805030,1188559,4054728,4540052,4204521,56926732
2024-03-13_to_2024-04-11,72,26593043,12543555,2754441,1188401,4124247,4581301,4104987,57299956
2024-03-14_to_2024-04-12,73,26386796,12448475,2753352,1182163,4104423,4688552,4186315,57182086
2024-03-15_to_2024-04-13,74,26256099,12355766,2729628,1188135,4122434,4512900,4175207,56449324
2024-03-16_to_2024-04-14,75,26826351,12286475,2785743,1192386,4083739,4382950,4113396,56228251
2024-03-17_to_2024-04-15,76,27159101,12061925,2708458,1162996,4044470,4280231,4064955,56368485
2024-03-18_to_2024-04-16,77,27933992,12145078,2776105,1175439,4040144,4485729,4041230,55912035
2024-03-19_to_2024-04-17,78,27725077,11951636,2747366,1148590,4084150,4395647,4008677,55876692
2024-03-20_to_2024-04-18,79,27611636,11910174,2739954,1111514,4127446,4322942,4046127,55998038
2024-03-21_to_2024-04-19,80,27841437,11655583,2673252,1113816,4130081,4201019,4074671,55690890
2024-03-22_to_2024-04-20,81,28122629,11756134,2597115,1117879,4190835,4384034,4054085,55454396
2024-03-23_to_2024-04-21,82,28099247,11727067,2598395,1099921,4269295,4339260,4081309,55447202
2024-03-24_to_2024-04-22,83,27804456,11728051,2614086,1065371,4231307,4364162,4096193,55581029
2024-03-25_to_2024-04-23,84,27874404,11678234,2638723,1076166,4228811,4270859,4080037,55557391
2024-03-26_to_2024-04-24,85,28035733,11689458,2614922,1068156,4236277,4410386,4175907,55220117
2024-03-27_to_2024-04-25,86,28181069,11784655,2643231,1082497,4285298,4482250,4111915,54989813
2024-03-28_to_2024-04-26,87,27497589,11716480,2648710,1059623,4286387,4470167,4139952,55557858
2024-03-29_to_2024-04-27,88,27288651,11817269,2678187,1064783,4283647,4555836,4065594,55954457
2024-03-30_to_2024-04-28,89,27125225,11946061,2671120,1077028,4329094,4592461,4115249,55613240
2024-03-31_to_2024-04-29,90,26989251,11896819,2671674,1089669,4308312,4612035,4166370,55539003
2024-04-01_to_2024-04-30,91,26859435,12047728,2732564,1115664,4296450,4674507,4196692,55420473
2024-04-02_to_2024-05-01,92,26943165,12078730,2724518,1137871,4309552,4483702,4035868,55281172
2024-04-03_to_2024-05-02,93,26758748,12202051,2739192,1138599,4361568,4501958,4077875,55427008
2024-04-04_to_2024-05-03,94,26278146,12254938,2679493,1108590,4313032,4542164,4056868,55496873
2024-04-05_to_2024-05-04,95,27137476,12149134,2703046,1128943,4360103,4718292,4015416,54952542
2024-04-06_to_2024-05-05,96,27536233,12261742,2661612,1145478,4435862,4641968,4121774,54796477
2024-04-07_to_2024-05-06,97,27293461,12262780,2661642,1132502,4462699,4502859,4151980,54760172
2024-04-08_to_2024-05-07,98,27507494,12443565,2666435,1139068,4459695,4344406,4092585,54587874
2024-04-09_to_2024-05-08,99,26787092,12500811,2658641,1156262,4495509,4366943,3988930,54746759
2024-04-10_to_2024-05-09,100,27448491,12291094,2591856,1158955,4554382,4368337,4121988,54783390
2024-04-11_to_2024-05-10,101,27759999,12296916,2613772,1156285,4525868,4508347,4065545,54151838
2024-04-12_to_2024-05-11,102,28164945,12466584,2617243,1136536,4466391,4332586,4115671,53887899
2024-04-13_to_2024-05-12,103,28170820,12480512,2590033,1137207,4448144,4322656,4032714,54314709
2024-04-14_to_2024-05-13,104,27749165,12300108,2608058,1147582,4380903,4313332,3950176,54667541
2024-04-15_to_2024-05-14,105,27324827,12331745,2613616,1144994,4391194,4413379,4008496,55083166
2024-04-16_to_2024-05-15,106,27254351,12332978,2643881,1180602,4342673,4564320,4049680,55471952
2024-04-17_to_2024-05-16,107,27130577,12118102,2591358,1166440,4351470,4410725,4143363,55440109
2024-04-18_to_2024-05-17,108,26908884,12131889,2637501,1201130,4305212,4571857,4120219,55239229
2024-04-19_to_2024-05-18,109,27013481,12219813,2639903,1204977,4261231,4603852,4054781,54952395
2024-04-20_to_2024-05-19,110,26742560,12212622,2654081,1208569,4257598,4558826,4056634,55755635
2024-04-21_to_2024-05-20,111,26559762,12194993,2674259,1224371,4195100,4556831,4049080,55272480
2024-04-22_to_2024-05-21,112,26489465,12214272,2715000,1245361,4188175,4549940,4044989,56008364
2024-04-23_to_2024-05-22,113,26454399,12159307,2674718,1288224,4264609,4527986,4211786,56301911
2024-04-24_to_2024-05-23,114,26427285,12294664,2686275,1253223,4196419,4573332,4126193,56676038
2024-04-25_to_2024-05-24,115,26279342,12190083,2684785,1252811,4171711,4502799,4138586,56234222
2024-04-26_to_2024-05-25,116,26261322,12229312,2609751,1264363,4178611,4336109,4110345,56264869
2024-04-27_to_2024-05-26,117,26770475,12298060,2621438,1273608,4121613,4500189,3972475,55982976
2024-04-28_to_2024-05-27,118,26920403,12345857,2617590,1268009,4116630,4578506,4107462,55613460
2024-04-29_to_2024-05-28,119,26779261,12257897,2657213,1246914,4084178,4588081,3999696,56251114
2024-04-30_to_2024-05-29,120,26896604,12332929,2684196,1257054,4026011,4525229,3816980,56213381
2024-05-01_to_2024-05-30,121,26928874,12307163,2640014,1246813,3990221,4587835,3719553,55973687
2024-05-02_to_2024-05-31,122,26885938,12167431,2590535,1227544,3991916,4642381,3775427,56259431
2024-05-03_to_2024-06-01,123,27383786,11937608,2595513,1234311,3973688,4592147,3709955,55609982
2024-05-04_to_2024-06-02,124,27420271,11965447,2635416,1269631,3978370,4488178,3739560,56433246
2024-05-05_to_2024-06-03,125,26989132,12073066,2567524,1226144,3922803,4310599,3863274,56450396
2024-05-06_to_2024-06-04,126,26881336,12080256,2519869,1209425,3893722,4330163,3881706,55890885
2024-05-07_to_2024-06-05,127,26825550,12133725,2568528,1223474,3841017,4368672,3799206,55881811
2024-05-08_to_2024-06-06,128,26531392,12141311,2583345,1224294,3908085,4447026,3752421,55867303
2024-05-09_to_2024-06-07,129,26681669,12167390,2608703,1221935,3861276,4448641,3757145,55934425
2024-05-10_to_2024-06-08,130,26452051,12328996,2615106,1230121,3872684,4507699,3776733,55635120
2024-05-11_to_2024-06-09,131,25809612,12215005,2627295,1256725,3873562,4530107,3839532,55695661
2024-05-12_to_2024-06-10,132,25544155,12128411,2629471,1249512,3916251,4546529,3873570,55534141
2024-05-13_to_2024-06-11,133,25647252,12297593,2647974,1258012,3926534,4591475,3945869,55260465
2024-05-14_to_2024-06-12,134,25837600,12451549,2639465,1249220,3909180,4622987,3957540,55053969
2024-05-15_to_2024-06-13,135,26187997,12546626,2647115,1236015,3920723,4690684,3854006,55054007
2024-05-16_to_2024-06-14,136,26674533,12613053,2676673,1224372,3915167,4559852,3808302,54478710
2024-05-17_to_2024-06-15,137,26557676,12587957,2659033,1261414,3907504,4624734,3841791,53697908
2024-05-18_to_2024-06-16,138,26264935,12652885,2684606,1263164,3947442,4535480,3890717,53729420
2024-05-19_to_2024-06-17,139,26004094,12656330,2659633,1285183,3938796,4605363,3802996,53539588
2024-05-20_to_2024-06-18,140,26612539,12891327,2634803,1288381,3883429,4792820,3652336,53065102
2024-05-21_to_2024-06-19,141,26018068,12985377,2653066,1264284,3918066,4781128,3652491,53140793
2024-05-22_to_2024-06-20,142,26689891,12966283,2683697,1272428,3840617,4840021,3715427,53031626
2024-05-23_to_2024-06-21,143,26776904,13186657,2690938,1250008,3829916,5000113,3567375,52080034
2024-05-24_to_2024-06-22,144,27113477,13163044,2714222,1292073,3831221,4947100,3614901,52466450
2024-05-25_to_2024-06-23,145,26757077,13137781,2722577,1328377,3858887,4876314,3553209,52455982
2024-05-26_to_2024-06-24,146,26833876,13078204,2795004,1315043,3803138,4835663,3603941,51658129
2024-05-27_to_2024-06-25,147,26519668,12974878,2828183,1339683,3851965,4890930,3577669,51395645
2024-05-28_to_2024-06-26,148,26335068,12900982,2779600,1356138,3927853,4748152,3565667,51406560
2024-05-29_to_2024-06-27,149,26749590,12937259,2744933,1376693,3954974,4796035,3691630,50939086
2024-05-30_to_2024-06-28,150,26624425,12948444,2732220,1373144,3967925,4755305,3811918,51138891
2024-05-31_to_2024-06-29,151,26330099,12949996,2724492,1356349,3922868,4785590,3904293,50980154
2024-06-01_to_2024-06-30,152,26319726,13089251,2749676,1354998,3910276,4882791,3952713,50663567
2024-06-02_to_2024-07-01,153,25327043,13253890,2762990,1355709,3904362,4960022,4045966,50513134
2024-06-03_to_2024-07-02,154,25921682,13422906,2768300,1355951,3913309,4936323,4114775,50401710
2024-06-04_to_2024-07-03,155,26060824,13205594,2806376,1391835,3938974,4932273,4114520,50411052
2024-06-05_to_2024-07-04,156,25612715,13206687,2812216,1416233,3894504,4948136,4000394,50416656
2024-06-06_to_2024-07-05,157,25736392,13052410,2733986,1387179,3952387,5063885,3955572,50438314
2024-06-07_to_2024-07-06,158,26047661,12874966,2695726,1399001,3896519,5005063,3948367,51137707
2024-06-08_to_2024-07-07,159,26179353,12705818,2732196,1377123,3896842,5060310,3982783,51388516
2024-06-09_to_2024-07-08,160,26009849,12573278,2737005,1382811,3874142,5069843,3988192,51214303
2024-06-10_to_2024-07-09,161,26139390,12733240,2665648,1385088,3915070,4958683,3898542,51267796
2024-06-11_to_2024-07-10,162,26016469,12643665,2656666,1396891,3910929,5024670,3884851,51283681
2024-06-12_to_2024-07-11,163,26082644,12496143,2636844,1360692,3853974,5079256,3750912,51607248
2024-06-13_to_2024-07-12,164,25846073,12385060,2662749,1369200,3862680,5162217,3765990,51537625
2024-06-14_to_2024-07-13,165,26076926,12217640,2612903,1358088,3896838,5122983,3768629,50972106
2024-06-15_to_2024-07-14,166,25483291,12241343,2570344,1347634,3917911,5096129,3822058,51169658
2024-06-16_to_2024-07-15,167,24835090,12213291,2549010,1320505,3944053,5091548,3744411,51831251
2024-06-17_to_2024-07-16,168,24842424,12386585,2502302,1310152,3915621,5129857,3642479,52148357
2024-06-18_to_2024-07-17,169,24889987,12132477,2538851,1315008,3967980,4997700,3697585,52096865
2024-06-19_to_2024-07-18,170,24519302,12073795,2529343,1282648,4015421,4807326,3837267,51859942
2024-06-20_to_2024-07-19,171,24852747,11868143,2555781,1312806,3988948,4615254,3947114,51537806
2024-06-21_to_2024-07-20,172,24668549,11928817,2556010,1319435,4071901,4556971,3929943,51080492
2024-06-22_to_2024-07-21,173,24095273,11698301,2607679,1300855,3997968,4380368,3999590,51639283
2024-06-23_to_2024-07-22,174,24209606,11675394,2589192,1305104,4084418,4511800,4090936,51128615
2024-06-24_to_2024-07-23,175,24270869,11604116,2620598,1294660,4029993,4523161,4112585,52133648
2024-06-25_to_2024-07-24,176,23551368,11575439,2569802,1288945,4010431,4562005,4100139,52818967
2024-06-26_to_2024-07-25,177,23507448,11576012,2575517,1253787,3992285,4348151,4142445,53381388
2024-06-27_to_2024-07-26,178,23650175,11489135,2592768,1228290,3913422,4377585,4155185,53038286
2024-06-28_to_2024-07-27,179,23322384,11466863,2627649,1200518,3839810,4315333,4166529,53228359
2024-06-29_to_2024-07-28,180,23340111,11575191,2621057,1204291,3857328,4415885,4125028,52806913
2024-06-30_to_2024-07-29,181,23441475,11385195,2661323,1224841,3892490,4341175,4033655,52863004
2024-07-01_to_2024-07-30,182,23242907,11281253,2718386,1243887,3837564,4312079,4027491,53106289
2024-07-02_to_2024-07-31,183,23410080,11081795,2654915,1226973,3822286,4236906,4080179,53566625
2024-07-03_to_2024-08-01,184,23517602,10911610,2630725,1224215,3808899,4295669,4012990,52585885
2024-07-04_to_2024-08-02,185,23389467,10965896,2661321,1201556,3820073,4422953,3949786,52616833
2024-07-05_to_2024-08-03,186,23479620,10843592,2716093,1165155,3801981,4339045,4071170,52990972
2024-07-06_to_2024-08-04,187,23507715,10845185,2804919,1155821,3797099,4163635,4163940,52782264
2024-07-07_to_2024-08-05,188,23961314,10994845,2806519,1170255,3800841,4232435,4171498,51724799
2024-07-08_to_2024-08-06,189,24288129,11056734,2776545,1199516,3840296,4089248,4138048,51036165
2024-07-09_to_2024-08-07,190,24224070,11128499,2841043,1202246,3795390,3971216,4051839,51229387
2024-07-10_to_2024-08-08,191,24430530,11025108,2844810,1166418,3735669,4000074,4065187,51184793
2024-07-11_to_2024-08-09,192,24371987,11165067,2840497,1142738,3746196,3972937,4044259,51754723
2024-07-12_to_2024-08-10,193,24674085,11169251,2879507,1152129,3810111,3872896,4049269,51566136
2024-07-13_to_2024-08-11,194,24656904,11211044,2826846,1145235,3800837,3861436,4035323,51298545
2024-07-14_to_2024-08-12,195,23958622,11253977,2816475,1158865,3770876,3884049,4129242,51447839
2024-07-15_to_2024-08-13,196,24161130,11189154,2818648,1159306,3819610,3996634,4025176,51737492
2024-07-16_to_2024-08-14,197,24860417,11216722,2824012,1181425,3794413,3889361,4064901,51300271
2024-07-17_to_2024-08-15,198,25285670,11077995,2803451,1160693,3820196,3777914,4222438,51403858
2024-07-18_to_2024-08-16,199,25085461,11134064,2797229,1152341,3818472,3883291,4226007,51608023
2024-07-19_to_2024-08-17,200,25004151,10991894,2817639,1172127,3781965,3890444,4201722,52102273
2024-07-20_to_2024-08-18,201,24608162,11074583,2775640,1150457,3746999,4031113,4150852,52880831
2024-07-21_to_2024-08-19,202,24252973,10974964,2752677,1114398,3700451,4127517,4157512,53223048
2024-07-22_to_2024-08-20,203,24873112,10939392,2756134,1125826,3746295,4148817,4049707,53074639
2024-07-23_to_2024-08-21,204,24946628,10815203,2682820,1112663,3665255,4018929,3887117,52836669
2024-07-24_to_2024-08-22,205,25688545,10937821,2649199,1095342,3666277,4155344,3941120,52446661
2024-07-25_to_2024-08-23,206,26288951,10923850,2618701,1091350,3713452,4228987,3953676,52015860
2024-07-26_to_2024-08-24,207,26427305,11103706,2626796,1115752,3672070,4361780,4073979,51559472
2024-07-27_to_2024-08-25,208,25892579,11278615,2629314,1119475,3687904,4399101,4031298,52360305
2024-07-28_to_2024-08-26,209,26376569,11140679,2597770,1143991,3704154,4309495,3955701,52070646
2024-07-29_to_2024-08-27,210,26113749,10996024,2575939,1128898,3728726,4310914,3952663,51643594
2024-07-30_to_2024-08-28,211,26167618,10976315,2539400,1121296,3755615,4332976,3969784,51539218
2024-07-31_to_2024-08-29,212,26421038,10942605,2505907,1114132,3807771,4370642,3944194,51895657
2024-08-01_to_2024-08-30,213,26598158,11035261,2556504,1115225,3800253,4491820,3969404,51887130
2024-08-02_to_2024-08-31,214,25708491,10948205,2548344,1082018,3838040,4499444,3961343,52386508
2024-08-03_to_2024-09-01,215,25751513,11006153,2554348,1082881,3851351,4430122,3940465,51921469
2024-08-04_to_2024-09-02,216,26064678,10986674,2499470,1108264,3848038,4569007,3914841,51555023
2024-08-05_to_2024-09-03,217,25883419,10939404,2427579,1126710,3843550,4723418,3838184,52161354
2024-08-06_to_2024-09-04,218,25115035,10809727,2461272,1107313,3819519,4633590,3778343,52821506
2024-08-07_to_2024-09-05,219,24521824,10749945,2469499,1087692,3773969,4629476,3803760,52842930
2024-08-08_to_2024-09-06,220,24652968,10759235,2386015,1076532,3781518,4722677,3850442,52683302
2024-08-09_to_2024-09-07,221,24483521,10853180,2386814,1081033,3755561,4672894,3951790,52826856
2024-08-10_to_2024-09-08,222,24915952,10911993,2454538,1086098,3746818,4721929,3917395,53121580
2024-08-11_to_2024-09-09,223,24734914,10972533,2401640,1067841,3706452,4721672,3961084,53390804
2024-08-12_to_2024-09-10,224,24396085,11068324,2457556,1079257,3747288,4637239,3912796,54098100
2024-08-13_to_2024-09-11,225,24521423,11150883,2475355,1091655,3696587,4619047,3892889,54655090
2024-08-14_to_2024-09-12,226,24708967,11236079,2497982,1097396,3706966,4584773,3905329,54622348
2024-08-15_to_2024-09-13,227,24097294,11380982,2502792,1094057,3714623,4640841,3869682,54783876
2024-08-16_to_2024-09-14,228,24074568,11507680,2487416,1126552,3670775,4696652,3840215,54374162
2024-08-17_to_2024-09-15,229,24148717,11636045,2474500,1110869,3642401,4689047,3906444,54401958
2024-08-18_to_2024-09-16,230,24382447,11677360,2499500,1119839,3677429,4843133,3902565,53999479
2024-08-19_to_2024-09-17,231,25002019,11755357,2537967,1121636,3725120,4802877,3935855,54181910
2024-08-20_to_2024-09-18,232,25622232,11588078,2498080,1132157,3762692,4789073,3830736,54050049
2024-08-21_to_2024-09-19,233,25258947,11608654,2447769,1151866,3755960,4944355,3907088,53773489
2024-08-22_to_2024-09-20,234,24891799,11579929,2520881,1134067,3764522,4988508,3956963,54283120
2024-08-23_to_2024-09-21,235,24594631,11582150,2514812,1162183,3775294,4980063,3837528,54082623
2024-08-24_to_2024-09-22,236,24074327,11728296,2535706,1197409,3746442,4979269,3754411,54334234
2024-08-25_to_2024-09-23,237,23875887,11627327,2501319,1206286,3720264,5033552,3594837,54429731
2024-08-26_to_2024-09-24,238,24646095,11538158,2554362,1233270,3780035,4992161,3616224,53796878
2024-08-27_to_2024-09-25,239,24043646,11753577,2572015,1219412,3783497,5027089,3671410,53953170
2024-08-28_to_2024-09-26,240,23656867,11780475,2550045,1214987,3737532,5063814,3639874,54330958
2024-08-29_to_2024-09-27,241,23374319,11902958,2582396,1223039,3724933,5101443,3630130,54472614
2024-08-30_to_2024-09-28,242,23730220,12049717,2586941,1221812,3670916,4968715,3667336,53718218
2024-08-31_to_2024-09-29,243,23974951,12040939,2593882,1221325,3696053,4810157,3549823,53854512
2024-09-01_to_2024-09-30,244,24633843,11990922,2588500,1234421,3626356,4698626,3613840,53678117
2024-09-02_to_2024-10-01,245,24162582,11970610,2514138,1243837,3632472,4720201,3677629,54259288
2024-09-03_to_2024-10-02,246,23812963,11924037,2513331,1240588,3671615,4683069,3709420,54355533
2024-09-04_to_2024-10-03,247,24328404,11920900,2513144,1213892,3674742,4667510,3842762,53973836
2024-09-05_to_2024-10-04,248,24841013,11936456,2506964,1198819,3719007,4714180,3905067,54236390
2024-09-06_to_2024-10-05,249,24893495,11907517,2513577,1208651,3745374,4716796,3857520,54944814
2024-09-07_to_2024-10-06,250,24650504,11900335,2546759,1202501,3793603,4747138,3842462,55437993
2024-09-08_to_2024-10-07,251,24894020,11714487,2588222,1195369,3810972,4775592,3848194,55169987
2024-09-09_to_2024-10-08,252,25087717,11691740,2594127,1202666,3768120,4849280,3927930,54622662
2024-09-10_to_2024-10-09,253,25254745,11641881,2590475,1227448,3809757,4920388,3946110,54671803
2024-09-11_to_2024-10-10,254,25859842,11564266,2572912,1229066,3802743,5096177,3973094,54034409
2024-09-12_to_2024-10-11,255,26284437,11609263,2581258,1204382,3818628,5131143,4025979,53673763
2024-09-13_to_2024-10-12,256,26214000,11665932,2555202,1205492,3827106,5126743,4027873,53859294
2024-09-14_to_2024-10-13,257,26357504,11611704,2573862,1186244,3885376,5136803,4032383,53713034
2024-09-15_to_2024-10-14,258,26015190,11545755,2656653,1189696,3864570,5122056,3980242,54329344
2024-09-16_to_2024-10-15,259,26243252,11401114,2601351,1179256,3905139,5144699,3927147,54252061
2024-09-17_to_2024-10-16,260,25835375,11575569,2622916,1174812,3881930,5005835,3903042,54943182
2024-09-18_to_2024-10-17,261,25891907,11629588,2653317,1169696,3912487,5110129,3814786,53759812
2024-09-19_to_2024-10-18,262,25506046,11689524,2721271,1164377,3917478,5121309,3930044,53550404
2024-09-20_to_2024-10-19,263,25285079,11844056,2717964,1138296,3938158,4989474,3860462,53616652
2024-09-21_to_2024-10-20,264,25831578,11853349,2666068,1162758,3950076,4906214,3913077,53493635
2024-09-22_to_2024-10-21,265,25728426,11794333,2656426,1166969,3980406,4789469,3966594,53782421
2024-09-23_to_2024-10-22,266,25981147,11633566,2655678,1164125,3978275,4800430,4121013,53701617
2024-09-24_to_2024-10-23,267,25963034,11708685,2663643,1163822,4001073,4803228,4126246,54269648
2024-09-25_to_2024-10-24,268,25414429,11760211,2597643,1145604,3929419,4831266,4118306,53986145
2024-09-26_to_2024-10-25,269,25584959,11679142,2613794,1172369,3976777,4916970,4009159,54150323
2024-09-27_to_2024-10-26,270,25967010,11687989,2662120,1171015,3988916,4870374,3983534,53841280
2024-09-28_to_2024-10-27,271,26226084,11528618,2641538,1173577,3993246,4872548,4037003,54424240
2024-09-29_to_2024-10-28,272,25641974,11471865,2598625,1163771,4056218,4866171,3919594,54534037
2024-09-30_to_2024-10-29,273,25666461,11467405,2600947,1161315,4030259,4927877,4000248,54808690
2024-10-01_to_2024-10-30,274,25293756,11522790,2611132,1171700,4055319,4978452,4044968,55286723
2024-10-02_to_2024-10-31,275,25925330,11511818,2689333,1156320,4037513,4959254,3979720,55094350
2024-10-03_to_2024-11-01,276,26236553,11564634,2690935,1142109,4015310,4845585,3860407,55855496
2024-10-04_to_2024-11-02,277,25773231,11738254,2692723,1160637,4004783,4863003,3741205,55998590
2024-10-05_to_2024-11-03,278,25884548,11853323,2646084,1198962,4026201,4853130,3774142,55455502
2024-10-06_to_2024-11-04,279,26477561,11868323,2628945,1189820,4032891,4970243,3777031,55524875
2024-10-07_to_2024-11-05,280,27093459,11788478,2628159,1180242,3989505,4961548,3796602,54909076
2024-10-08_to_2024-11-06,281,26624866,11937688,2605640,1183189,3995751,5015395,3807458,54830315
2024-10-09_to_2024-11-07,282,26293506,11932538,2618593,1182559,4014419,4886039,3695008,54326028
2024-10-10_to_2024-11-08,283,26447871,11999182,2613777,1161361,3982859,4755586,3711167,53815310
2024-10-11_to_2024-11-09,284,26100151,11904105,2601166,1138172,3975912,4622226,3692677,53983984
2024-10-12_to_2024-11-10,285,26001720,11711712,2642595,1156350,4008138,4511126,3642122,53899572
2024-10-13_to_2024-11-11,286,26276434,11614794,2615532,1135099,3965652,4529395,3722388,53715968
2024-10-14_to_2024-11-12,287,26255304,11585944,2600277,1166570,3928430,4451114,3725395,53528549
2024-10-15_to_2024-11-13,288,26767069,11599222,2548977,1137434,3996849,4565838,3713955,53372623
2024-10-16_to_2024-11-14,289,26615091,11678632,2601947,1144066,3978519,4513360,3720446,53855424
2024-10-17_to_2024-11-15,290,27159598,11657396,2577437,1113762,4023092,4676995,3734902,52944992
2024-10-18_to_2024-11-16,291,26443075,11474014,2513697,1110134,3953569,4510560,3754763,53333952
2024-10-19_to_2024-11-17,292,26374860,11562077,2451170,1140884,3882835,4438395,3700183,53991010
2024-10-20_to_2024-11-18,293,26493235,11474391,2445143,1163389,3827870,4521918,3690706,54257334
2024-10-21_to_2024-11-19,294,25998666,11652022,2419495,1135799,3879036,4666973,3741644,53669663
2024-10-22_to_2024-11-20,295,26150462,11659241,2469853,1135639,3906212,4722528,3738486,53289379
2024-10-23_to_2024-11-21,296,26181193,11614903,2531068,1136887,3925153,4612448,3699965,53305989
2024-10-24_to_2024-11-22,297,26809907,11478665,2561901,1133631,3938732,4559065,3787747,53314744
2024-10-25_to_2024-11-23,298,26567468,11447891,2575432,1115298,4010874,4453676,3815506,54138758
2024-10-26_to_2024-11-24,299,27017183,11435600,2507411,1091409,3957762,4331826,3809132,53725819
2024-10-27_to_2024-11-25,300,26764127,11388506,2454447,1085544,3997721,4220897,3930038,53667937
2024-10-28_to_2024-11-26,301,27189045,11664044,2447113,1069841,4024877,4222285,3807035,52768948
2024-10-29_to_2024-11-27,302,27173806,11699919,2470859,1085765,4031657,4211153,3860878,53168423
2024-10-30_to_2024-11-28,303,27195984,11792961,2462411,1085963,4070673,4350368,3850330,52487182
2024-10-31_to_2024-11-29,304,27606359,11905257,2445550,1100125,4063638,4420965,3744829,52266774
2024-11-01_to_2024-11-30,305,27427780,11855058,2434415,1132872,4053384,4386927,3803914,52496563
2024-11-02_to_2024-12-01,306,27885468,11887883,2434994,1127318,4116760,4482337,3920736,52140822
2024-11-03_to_2024-12-02,307,28011655,11848407,2471402,1135586,4070259,4461604,3999677,51812006
2024-11-04_to_2024-12-03,308,27625052,11703149,2524080,1096912,4050076,4502776,3953457,52447638
2024-11-05_to_2024-12-04,309,27488554,11909218,2545042,1114667,4014014,4490438,3962942,52102849
2024-11-06_to_2024-12-05,310,26931364,11913889,2519663,1134494,4018091,4481260,3910315,53128508
2024-11-07_to_2024-12-06,311,27221572,11744648,2542851,1158912,3985265,4373552,3803515,53571972
2024-11-08_to_2024-12-07,312,26945424,11590720,2516685,1156494,3952508,4322163,3842034,54797444
2024-11-09_to_2024-12-08,313,26288719,11480057,2596131,1171195,4011152,4356419,3911637,55380635
2024-11-10_to_2024-12-09,314,26346611,11486561,2627671,1176712,4028988,4343338,3974103,56331010
2024-11-11_to_2024-12-10,315,26328863,11585270,2560467,1169903,4050207,4314084,3890778,56728151
2024-11-12_to_2024-12-11,316,26236724,11583195,2603105,1207215,3992278,4321273,3772178,56675900
2024-11-13_to_2024-12-12,317,26159074,11486664,2630284,1177806,3966499,4324191,3784031,57070456
2024-11-14_to_2024-12-13,318,26090206,11575286,2605607,1181031,3945275,4113995,3861223,56955343
2024-11-15_to_2024-12-14,319,26342346,11731618,2544757,1208003,3946145,4174866,3907689,56490117
2024-11-16_to_2024-12-15,320,25681125,11630926,2533682,1222064,3881777,4087867,3907551,57355456
2024-11-17_to_2024-12-16,321,25822337,11696386,2518925,1217811,3948841,4220388,3909264,57661467
2024-11-18_to_2024-12-17,322,26317131,11812876,2529963,1191696,3980375,4253273,3905696,57530508
2024-11-19_to_2024-12-18,323,26460735,11935401,2605133,1188535,3990232,4117541,3959757,57785734
2024-11-20_to_2024-12-19,324,26338530,11826116,2661116,1171538,3919163,3953225,3799975,58654602
2024-11-21_to_2024-12-20,325,25975149,11873317,2660999,1151643,3867883,3918617,3841771,58627758
2024-11-22_to_2024-12-21,326,25830909,11930208,2656992,1140012,3908422,4058649,3780797,58964526
2024-11-23_to_2024-12-22,327,25684087,12118433,2617146,1142947,3939946,4102093,3710092,59371774
2024-11-24_to_2024-12-23,328,26270304,12259667,2639758,1172305,3920378,4156486,3719860,59703819
2024-11-25_to_2024-12-24,329,25590033,12353460,2636477,1182955,3914557,4205093,3843244,59844450
2024-11-26_to_2024-12-25,330,25637673,12284505,2624854,1182232,3928763,4267638,3742272,60712353
2024-11-27_to_2024-12-26,331,24920975,12030328,2633730,1193311,3935786,4287596,3767222,61779374
2024-11-28_to_2024-12-27,332,25238106,11886940,2679874,1201562,3874591,4470775,3816575,62138213
2024-11-29_to_2024-12-28,333,24894008,11873858,2626533,1215613,3842670,4253420,3781080,62528416
2024-11-30_to_2024-12-29,334,24771104,11729307,2684511,1180141,3862419,4276714,3762578,62481434
2024-12-01_to_2024-12-30,335,24988269,11871382,2664115,1142266,3879265,4268943,3682323,62341528
2024-12-02_to_2024-12-31,336,24553130,11923553,2720428,1136301,3845319,4345182,3616909,62998229
2024-12-03_to_2025-01-01,337,24306564,11855688,2738313,1113652,3919044,4278642,3600103,63166571
2024-12-04_to_2025-01-02,338,24592604,12083548,2757765,1139759,3881082,4309424,3683456,63595243
2024-12-05_to_2025-01-03,339,24209303,11998697,2773239,1134474,3921260,4292607,3773269,63528513
2024-12-06_to_2025-01-04,340,24668359,12234420,2866450,1160650,3977513,4326603,3894513,62891260
2024-12-07_to_2025-01-05,341,24589359,12513284,2908068,1166346,4023627,4333929,4037359,62698888
2024-12-08_to_2025-01-06,342,25248187,12710219,2944889,1190472,4039238,4535906,4128533,62520269
2024-12-09_to_2025-01-07,343,26006664,12692778,2959492,1210976,3989505,4494638,4026582,61861123
2024-12-10_to_2025-01-08,344,26650559,12830470,2952169,1238415,4012402,4589522,4057473,61849046
2024-12-11_to_2025-01-09,345,26906172,12792388,3018476,1263702,4004113,4603520,4139780,61168375
2024-12-12_to_2025-01-10,346,26581029,13038401,3040317,1253738,4059307,4538140,4164968,61602050
2024-12-13_to_2025-01-11,347,26494425,13289728,3060330,1286607,4120137,4627453,4191776,62190437
2024-12-14_to_2025-01-12,348,26220816,13291748,3065484,1321047,4164118,4834733,4057397,61853642
2024-12-15_to_2025-01-13,349,25900063,13163997,3160314,1301912,4153614,4824825,3985392,61765309
2024-12-16_to_2025-01-14,350,26632364,13211571,3144059,1330327,4167443,4869419,4000273,61048773
2024-12-17_to_2025-01-15,351,26806657,13120396,3221482,1327892,4188645,4913169,4083226,61327304
2024-12-18_to_2025-01-16,352,26596946,13036928,3200963,1365590,4208075,4945654,4176352,60884350
2024-12-19_to_2025-01-17,353,26630291,12973464,3162725,1378002,4269704,5074976,4296572,61430017
2024-12-20_to_2025-01-18,354,27133490,13035180,3181471,1412469,4365179,5107873,4418940,60962602
2024-12-21_to_2025-01-19,355,27156426,12966625,3176820,1414854,4441341,5114590,4357102,61676188
2024-12-22_to_2025-01-20,356,27670587,12926476,3138934,1393643,4382380,5075177,4377329,61383075
2024-12-23_to_2025-01-21,357,28096300,12880859,3160748,1405185,4376161,5056923,4395598,60923345
2024-12-24_to_2025-01-22,358,28434531,12780392,3162104,1408953,4372653,5161412,4383774,59980829
2024-12-25_to_2025-01-23,359,28559015,12840518,3223523,1390638,4446756,5072344,4311656,59929113
2024-12-26_to_2025-01-24,360,29413138,12862942,3231759,1417583,4411426,5032502,4343003,59506123
2024-12-27_to_2025-01-25,361,30339178,13069584,3269033,1408072,4367363,4844756,4481388,59737405
2024-12-28_to_2025-01-26,362,30771029,13125969,3275818,1406909,4451400,4664013,4443075,59447667
2024-12-29_to_2025-01-27,363,30737826,13296032,3300235,1405223,4505937,4781269,4501894,59687694
2024-12-30_to_2025-01-28,364,30343857,13467727,3296660,1430518,4540233,4858580,4543859,60265200
2024-12-31_to_2025-01-29,365,29821855,13458768,3305527,1475555,4539487,5042556,4697780,60174982
2025-01-01_to_2025-01-30,366,30231506,13645802,3258441,1490851,4518830,5036374,4816425,59517297
2025-01-02_to_2025-01-31,367,30226614,13644550,3277451,1533353,4537663,5078500,4868440,60096802
2025-01-03_to_2025-02-01,368,30700120,13617437,3239976,1518278,4538437,5210517,4770478,59087072
2025-01-04_to_2025-02-02,369,30761290,13524996,3203925,1533787,4591071,5230321,4683123,59108510
2025-01-05_to_2025-02-03,370,30296473,13401330,3182532,1532616,4603434,5304336,4570539,58858829
2025-01-06_to_2025-02-04,371,30281036,13294374,3174383,1524260,4659349,5346413,4419073,59268125
2025-01-07_to_2025-02-05,372,30232779,13329633,3160591,1532435,4688082,5193913,4382836,59442681
2025-01-08_to_2025-02-06,373,29529172,13274111,3127731,1495839,4733167,5206471,4494632,60193227
2025-01-09_to_2025-02-07,374,29464682,13284388,3159141,1510684,4692820,5180825,4556506,60291446
2025-01-10_to_2025-02-08,375,28664620,13327746,3133280,1502603,4701945,5272271,4565910,60769325
2025-01-11_to_2025-02-09,376,29058767,13242004,3102041,1520333,4761964,5293339,4623602,60382130
2025-01-12_to_2025-02-10,377,29840587,13141657,3050127,1517214,4684986,5292795,4663071,60441687
2025-01-13_to_2025-02-11,378,29551273,12973588,3075770,1507962,4620932,5299635,4824482,60702288
2025-01-14_to_2025-02-12,379,29474473,13117154,3042742,1531131,4580209,5205535,4814065,61606019
2025-01-15_to_2025-02-13,380,28803411,13017580,3038796,1519809,4597791,5301682,4769704,61770674
2025-01-16_to_2025-02-14,381,29119143,13287153,3015601,1537856,4612125,5092799,4662627,61555676
2025-01-17_to_2025-02-15,382,28569289,13422269,3066829,1510839,4647788,5093408,4573928,61412458
2025-01-18_to_2025-02-16,383,29058866,13598944,3097044,1491724,4614237,5138624,4430578,61798471
2025-01-19_to_2025-02-17,384,28736291,13584353,3070899,1468648,4530068,5224819,4347524,62553316
2025-01-20_to_2025-02-18,385,29320403,13661382,3023216,1483280,4515408,5334265,4338234,62395580
2025-01-21_to_2025-02-19,386,28862052,13750614,3051127,1478072,4497839,5288388,4454983,62774578
2025-01-22_to_2025-02-20,387,28590384,13643653,3093467,1454954,4524678,5145370,4470839,62454225
2025-01-23_to_2025-02-21,388,27758134,13634933,3066035,1448270,4550912,5027214,4495331,63092083
2025-01-24_to_2025-02-22,389,27835251,13572856,3040391,1457308,4523168,5073597,4426542,63294891
2025-01-25_to_2025-02-23,390,27091463,13806074,3067236,1462102,4578421,5059334,4441493,63493457
2025-01-26_to_2025-02-24,391,27172745,13772564,3075002,1483319,4587154,5218841,4427780,63099358
2025-01-27_to_2025-02-25,392,26745367,13882398,3053035,1487675,4581908,5202560,4494724,63393803
2025-01-28_to_2025-02-26,393,26996044,13828121,3123194,1490015,4533252,5255333,4461735,63232907
2025-01-29_to_2025-02-27,394,27601496,13697664,3105325,1474453,4522746,5270886,4592630,63131326
2025-01-30_to_2025-02-28,395,27635892,13817887,3095875,1428830,4524298,5090889,4581311,63718008
2025-01-31_to_2025-03-01,396,27246234,13636084,3101204,1420501,4561068,5087294,4464912,64057526
2025-02-01_to_2025-03-02,397,28024768,13688423,3087644,1414923,4473293,5038533,4369218,63833376
2025-02-02_to_2025-03-03,398,27345498,13484048,3091277,1409608,4500177,4847670,4408794,64576968
2025-02-03_to_2025-03-04,399,27514820,13435948,3096446,1386605,4504435,4778693,4391563,65145207
2025-02-04_to_2025-03-05,400,27516682,13388817,3042986,1350219,4478389,4714682,4367054,65086710
2025-02-05_to_2025-03-06,401,27708193,13496502,2977863,1332290,4474528,4873715,4405034,64532128
2025-02-06_to_2025-03-07,402,27897306,13383025,2952160,1299966,4501676,5042030,4366518,64224384
2025-02-07_to_2025-03-08,403,28415019,13624883,2942223,1329142,4451512,5135910,4294538,63718708
2025-02-08_to_2025-03-09,404,28522793,13739371,2907429,1292810,4505324,5093764,4229955,63549370
2025-02-09_to_2025-03-10,405,28942883,13867649,2876256,1261417,4525947,5028967,4266206,62986088
2025-02-10_to_2025-03-11,406,28566202,13869583,2867595,1229660,4472473,5048360,4328257,63007215
2025-02-11_to_2025-03-12,407,28403831,13952219,2924263,1234226,4476671,5087199,4363278,62177294
2025-02-12_to_2025-03-13,408,28681993,14125307,2952838,1239954,4538422,4876760,4287014,62044579
2025-02-13_to_2025-03-14,409,29284399,14157381,2935602,1207368,4605737,5020712,4394820,61827030
2025-02-14_to_2025-03-15,410,29318826,14287199,2928779,1209007,4618891,4963670,4444302,62449144
2025-02-15_to_2025-03-16,411,28786410,14254066,2964266,1221349,4613797,5118726,4597062,62383766
2025-02-16_to_2025-03-17,412,28925031,14221272,2942857,1206035,4554983,5003087,4559193,63368718
2025-02-17_to_2025-03-18,413,29149634,14236709,2916180,1228360,4569419,5020354,4677815,62590151
2025-02-18_to_2025-03-19,414,29604266,14326893,2947856,1269162,4589192,5030468,4785479,62455329
2025-02-19_to_2025-03-20,415,29077768,14526255,3020234,1263807,4609924,5024043,4873549,62342332
2025-02-20_to_2025-03-21,416,29602305,14494325,3047419,1278163,4633068,4983877,4735421,62755628
2025-02-21_to_2025-03-22,417,29138612,14662603,2957819,1278923,4567918,5113266,4735084,62685768
2025-02-22_to_2025-03-23,418,29996404,14601866,2973960,1281475,4554126,5101493,4582759,62682258
2025-02-23_to_2025-03-24,419,29895941,14539259,2986429,1299282,4593690,5268766,4711524,62631816
2025-02-24_to_2025-03-25,420,30187029,14529710,3018574,1274260,4582773,5255093,4646018,62910689
2025-02-25_to_2025-03-26,421,29950919,14435205,2987259,1240274,4597240,5253306,4635155,63124000
2025-02-26_to_2025-03-27,422,30337783,14370865,2934952,1246015,4617835,5251254,4635099,62458960
2025-02-27_to_2025-03-28,423,30647325,14142503,2870985,1232057,4613342,5124037,4602658,62313624
2025-02-28_to_2025-03-29,424,30563758,14245234,2884155,1244595,4607294,5042679,4543611,62199182
2025-03-01_to_2025-03-30,425,31168833,14088577,2895240,1256391,4639692,5163744,4505531,62157303
2025-03-02_to_2025-03-31,426,31428618,14123520,2914707,1263647,4678938,5037069,4611027,62267208
2025-03-03_to_2025-04-01,427,30765953,14249778,2903036,1224540,4724478,5215538,4750053,61951439
2025-03-04_to_2025-04-02,428,31322614,14374647,2901474,1255981,4729618,5263034,4729600,61806380
2025-03-05_to_2025-04-03,429,31591335,14490738,2949684,1274087,4707128,5358611,4773624,61244892
2025-03-06_to_2025-04-04,430,31509468,14652293,2973797,1292658,4673572,5190015,4794907,62339912
2025-03-07_to_2025-04-05,431,31243383,14459779,3044163,1308375,4598589,5137803,4740036,62823790
2025-03-08_to_2025-04-06,432,30925510,14502680,3029831,1340876,4584103,5077558,4763826,62640051
2025-03-09_to_2025-04-07,433,30492841,14290647,3039946,1314995,4583220,5134679,4862380,62829098
2025-03-10_to_2025-04-08,434,30390367,14229192,3014732,1311685,4554952,5147532,4900910,62000740
2025-03-11_to_2025-04-09,435,29977036,14216933,3080507,1319705,4476950,5151623,4763334,62887212
2025-03-12_to_2025-04-10,436,30115660,14218036,3109753,1320623,4510890,5033895,4698358,63388658
2025-03-13_to_2025-04-11,437,29577666,13960533,3050405,1321374,4588129,5087790,4591397,63757921
2025-03-14_to_2025-04-12,438,29374939,13839508,3055452,1316740,4568284,5215050,4674606,63677904
2025-03-15_to_2025-04-13,439,29397403,13762787,3041166,1322927,4579217,5036304,4687226,62801238
2025-03-16_to_2025-04-14,440,30202494,13704151,3112532,1330912,4580581,4891215,4627259,62474453
2025-03-17_to_2025-04-15,441,30624576,13487351,3041166,1302359,4555494,4791753,4581067,62620554
2025-03-18_to_2025-04-16,442,31362682,13528808,3104616,1312899,4545636,4961856,4552221,62436783
2025-03-19_to_2025-04-17,443,31049942,13264795,3070491,1275609,4592364,4840177,4496773,62371915
2025-03-20_to_2025-04-18,444,30938141,13257185,3069009,1236126,4653771,4766884,4534213,62306462
2025-03-21_to_2025-04-19,445,31179580,13005458,3010608,1240204,4644375,4654602,4607505,61993698
2025-03-22_to_2025-04-20,446,31317147,13135594,2925918,1242773,4699680,4851045,4583471,61898741
2025-03-23_to_2025-04-21,447,31236306,13140570,2927005,1220554,4775063,4785650,4600620,61907472
2025-03-24_to_2025-04-22,448,31111750,13233022,2958575,1189131,4738323,4828751,4622706,61872758
2025-03-25_to_2025-04-23,449,31221073,13189282,2993679,1195805,4733459,4711013,4587505,61826262
2025-03-26_to_2025-04-24,450,31254371,13180351,2977624,1186655,4734002,4882092,4695594,61431231
2025-03-27_to_2025-04-25,451,31323348,13259645,2997968,1201021,4778478,4937074,4626466,61253464
2025-03-28_to_2025-04-26,452,30675010,13225296,3007267,1177086,4768853,4929801,4675647,61994401
2025-03-29_to_2025-04-27,453,30406377,13340226,3036430,1181929,4744271,5019243,4585148,62578229
2025-03-30_to_2025-04-28,454,30118090,13424949,3019242,1195669,4781403,5038252,4621577,62207035
2025-03-31_to_2025-04-29,455,29972254,13362126,3042398,1209455,4801619,5084691,4684760,62178063
2025-04-01_to_2025-04-30,456,29818910,13516623,3091187,1234785,4768266,5146198,4691239,62006513
2025-04-02_to_2025-05-01,457,29892512,13488004,3068096,1255967,4792878,4934536,4519446,62070299
2025-04-03_to_2025-05-02,458,29526794,13600747,3077010,1253172,4832341,4952078,4564238,62112340
2025-04-04_to_2025-05-03,459,29060950,13653117,2997990,1222767,4798283,4981370,4530415,62472757
2025-04-05_to_2025-05-04,460,29977317,13604133,3023526,1244875,4847855,5163827,4478379,62000007
2025-04-06_to_2025-05-05,461,30320656,13713156,2971323,1254215,4917691,5068241,4578508,62142086
2025-04-07_to_2025-05-06,462,30168003,13765000,2976427,1244647,4940768,4924777,4620429,62002771
2025-04-08_to_2025-05-07,463,30381968,13991366,2972903,1250855,4944524,4739040,4548442,61885787
2025-04-09_to_2025-05-08,464,29559331,14044566,2955815,1267942,4975763,4766257,4431066,61983244
2025-04-10_to_2025-05-09,465,30443651,13875008,2886638,1272592,5048143,4768986,4592194,61807082
2025-04-11_to_2025-05-10,466,30830813,13874969,2915883,1271337,5037586,4925248,4532822,61117092
2025-04-12_to_2025-05-11,467,31226267,14063448,2921244,1255028,4985254,4725470,4581210,60864093
2025-04-13_to_2025-05-12,468,31246314,14117574,2891276,1258220,4951175,4725873,4487472,61120687
2025-04-14_to_2025-05-13,469,30756352,13915066,2904070,1268801,4878596,4711675,4366678,61799938
2025-04-15_to_2025-05-14,470,30215612,13955881,2901774,1263005,4866547,4825356,4446278,62433340
2025-04-16_to_2025-05-15,471,30157235,13950150,2929507,1298402,4804727,5008362,4472171,62842989
2025-04-17_to_2025-05-16,472,30140634,13796472,2881564,1285573,4827449,4911975,4593116,62962747
2025-04-18_to_2025-05-17,473,29907312,13800556,2927518,1321047,4767589,5091622,4556271,62804060
2025-04-19_to_2025-05-18,474,29963929,13808170,2922081,1321317,4699366,5115644,4475955,62599412
2025-04-20_to_2025-05-19,475,29688974,13807937,2942796,1322029,4692616,5063518,4475828,63427618
2025-04-21_to_2025-05-20,476,29617425,13782420,2965644,1340887,4635910,5079346,4477109,62840785
2025-04-22_to_2025-05-21,477,29568090,13795218,3008247,1363068,4632955,5069211,4470683,63738319
2025-04-23_to_2025-05-22,478,29442045,13695241,2951296,1411407,4697648,5033989,4641132,63871640
2025-04-24_to_2025-05-23,479,29367570,13848329,2952537,1370619,4630189,5100382,4556636,64231962
2025-04-25_to_2025-05-24,480,29251283,13709439,2945304,1368870,4585381,5008221,4562733,63903856
2025-04-26_to_2025-05-25,481,29253339,13766278,2871741,1384912,4588802,4859241,4529151,64037354
2025-04-27_to_2025-05-26,482,29872800,13871840,2892813,1398762,4553365,5028507,4376314,63558908
2025-04-28_to_2025-05-27,483,30083417,13960525,2903438,1395891,4562459,5124056,4548443,63031499
2025-04-29_to_2025-05-28,484,29907093,13871585,2949448,1373930,4525565,5147597,4431817,63445891
2025-04-30_to_2025-05-29,485,30132168,13975076,2963275,1385521,4432844,5053469,4235710,63374859
2025-05-01_to_2025-05-30,486,30122517,13904126,2919368,1377888,4420610,5115997,4146007,63333959
2025-05-02_to_2025-05-31,487,30201298,13774405,2874124,1361352,4440008,5194905,4224207,63594261
2025-05-03_to_2025-06-01,488,30654980,13496733,2876922,1367186,4424204,5143211,4149104,63138252
2025-05-04_to_2025-06-02,489,30867006,13592339,2927610,1413403,4429661,5049937,4192801,63579185
2025-05-05_to_2025-06-03,490,30479320,13697632,2859759,1365729,4369265,4870991,4357311,63532597
2025-05-06_to_2025-06-04,491,30550147,13759392,2820064,1355299,4357176,4906837,4393171,62919973
2025-05-07_to_2025-06-05,492,30464242,13750739,2874392,1364967,4296235,4949325,4302871,62961583
2025-05-08_to_2025-06-06,493,30230846,13729744,2894908,1367905,4365929,5042782,4253673,62938660
2025-05-09_to_2025-06-07,494,30379831,13700647,2924980,1363387,4314023,5038837,4261539,63148612
2025-05-10_to_2025-06-08,495,30004111,13845713,2925721,1368887,4317387,5088360,4256903,62868203
2025-05-11_to_2025-06-09,496,29299562,13717743,2940413,1402756,4303942,5119177,4333499,63003001
2025-05-12_to_2025-06-10,497,29063945,13642613,2936393,1389631,4333918,5135284,4362309,62975552
2025-05-13_to_2025-06-11,498,29099485,13741060,2948749,1393700,4360039,5152091,4425563,62985137
2025-05-14_to_2025-06-12,499,29470225,13982580,2952830,1386457,4366771,5191202,4449873,62587567
2025-05-15_to_2025-06-13,500,30022248,14092689,2956562,1380371,4381395,5281230,4318845,62337094
2025-05-16_to_2025-06-14,501,30521814,14156184,2984267,1372873,4389469,5141404,4276978,61774670
2025-05-17_to_2025-06-15,502,30490589,14159389,2976030,1416645,4379859,5211540,4328695,60852001
2025-05-18_to_2025-06-16,503,30167968,14275739,3016999,1420872,4430034,5110851,4381597,60919424
2025-05-19_to_2025-06-17,504,29950211,14270732,3004291,1450529,4428431,5196687,4298531,60850468
2025-05-20_to_2025-06-18,505,30558678,14521553,2974869,1455731,4372653,5425107,4119027,60553929
2025-05-21_to_2025-06-19,506,29852221,14597117,2996325,1431694,4418253,5427104,4118071,60662648
2025-05-22_to_2025-06-20,507,30596229,14626426,3029930,1443832,4334133,5523463,4184306,60463796
2025-05-23_to_2025-06-21,508,30491565,14876119,3032184,1413935,4339397,5692099,4026341,59530122
2025-05-24_to_2025-06-22,509,30853274,14837899,3047425,1458376,4343483,5614190,4077315,59856523
2025-05-25_to_2025-06-23,510,30530939,14830119,3069628,1504530,4403385,5546028,4019227,59764350
2025-05-26_to_2025-06-24,511,30618607,14844635,3145359,1490595,4362347,5489449,4086362,58800147
2025-05-27_to_2025-06-25,512,30179852,14693744,3171346,1513933,4392170,5551633,4056230,58722380
2025-05-28_to_2025-06-26,513,29926496,14589979,3099995,1536966,4462485,5381868,4033710,58862777
2025-05-29_to_2025-06-27,514,30248056,14569145,3053263,1553434,4483257,5395141,4143595,58658902
2025-05-30_to_2025-06-28,515,30079828,14561893,3037104,1549839,4494120,5361803,4290272,58839520
2025-05-31_to_2025-06-29,516,29860412,14626408,3040234,1529826,4454200,5437249,4385630,58542221
2025-06-01_to_2025-06-30,517,29805922,14827201,3063623,1527369,4429021,5518842,4422283,58316410
2025-06-02_to_2025-07-01,518,28875658,15074228,3086551,1535245,4438670,5593838,4534062,58141033
2025-06-03_to_2025-07-02,519,29290879,15096703,3081391,1523682,4440118,5556069,4590343,58295426
2025-06-04_to_2025-07-03,520,29401786,14862356,3124557,1566294,4475956,5546046,4555602,58311071
2025-06-05_to_2025-07-04,521,28919957,14858580,3128043,1586833,4432552,5566357,4427651,58270497
2025-06-06_to_2025-07-05,522,29036213,14746300,3042963,1559392,4509963,5689668,4377084,58370034
2025-06-07_to_2025-07-06,523,29333676,14579114,3007968,1572634,4455369,5619171,4370728,59210138
2025-06-08_to_2025-07-07,524,29552096,14435701,3057044,1551893,4463692,5679515,4408671,59674659
2025-06-09_to_2025-07-08,525,29355319,14309155,3066149,1556463,4445334,5708182,4427601,59476205
2025-06-10_to_2025-07-09,526,29563624,14505715,2981920,1557105,4484539,5582882,4327216,59561824
2025-06-11_to_2025-07-10,527,29521558,14409223,2981198,1577154,4492774,5658084,4335561,59556469
2025-06-12_to_2025-07-11,528,29735024,14334872,2971866,1542545,4440480,5742523,4217827,59783698
2025-06-13_to_2025-07-12,529,29411455,14159406,2982047,1549866,4427829,5827402,4229562,59851187
2025-06-14_to_2025-07-13,530,29460160,13956358,2931613,1529579,4452074,5773291,4234019,59207515
2025-06-15_to_2025-07-14,531,28819286,14026874,2897014,1518805,4475280,5729041,4308370,59416477
2025-06-16_to_2025-07-15,532,28026377,14008994,2869066,1489582,4516132,5740510,4201340,60140021
2025-06-17_to_2025-07-16,533,28092016,14156502,2808241,1478551,4483441,5799897,4100776,60520458
2025-06-18_to_2025-07-17,534,28161445,13979552,2850227,1480645,4550801,5659034,4168764,60400298
2025-06-19_to_2025-07-18,535,27921197,13968566,2832923,1445770,4605831,5434209,4345433,59999309
2025-06-20_to_2025-07-19,536,28331215,13755062,2859996,1478110,4564720,5194297,4479248,59650705
2025-06-21_to_2025-07-20,537,28120283,13749297,2875377,1485797,4650658,5112876,4469508,59306223
2025-06-22_to_2025-07-21,538,27591898,13479192,2943775,1468022,4564166,4928796,4554273,59955448
2025-06-23_to_2025-07-22,539,27739191,13419028,2928042,1469434,4631554,5042956,4626318,59550476
2025-06-24_to_2025-07-23,540,27744045,13369053,2942486,1453384,4545193,5053390,4656799,60704832
2025-06-25_to_2025-07-24,541,26933185,13281825,2889855,1450373,4514609,5098555,4631745,61680875
2025-06-26_to_2025-07-25,542,26946954,13366756,2905029,1416156,4522076,4879154,4686255,62142779
2025-06-27_to_2025-07-26,543,27193513,13274653,2927338,1382496,4447299,4923565,4713913,61793132
2025-06-28_to_2025-07-27,544,27032047,13295137,2973805,1352648,4382014,4882122,4741129,62163403
2025-06-29_to_2025-07-28,545,27010797,13414115,2968594,1356334,4406597,4989550,4693533,61771069
2025-06-30_to_2025-07-29,546,27039721,13191367,3022764,1376134,4429136,4886861,4596238,61957249
2025-07-01_to_2025-07-30,547,26880709,13066307,3093776,1401848,4369585,4895436,4608749,62225932
2025-07-02_to_2025-07-31,548,27037874,12839107,3029344,1385725,4353901,4829065,4666017,62704553
2025-07-03_to_2025-08-01,549,27183143,12814944,3014897,1395787,4354945,4905777,4625933,61702759
2025-07-04_to_2025-08-02,550,27005529,12879950,3046563,1366904,4363334,5059564,4589227,61989187
2025-07-05_to_2025-08-03,551,27045876,12749924,3106544,1331809,4335528,4958076,4742740,62642897
2025-07-06_to_2025-08-04,552,27154816,12762046,3192635,1321057,4320885,4773263,4845332,62445357
2025-07-07_to_2025-08-05,553,27705159,12935476,3196778,1338134,4331384,4857062,4846145,61239778
2025-07-08_to_2025-08-06,554,28144777,13075454,3163492,1376210,4375415,4714558,4824753,60390804
2025-07-09_to_2025-08-07,555,28102231,13126421,3232488,1383536,4318433,4580900,4732196,60715092
2025-07-10_to_2025-08-08,556,28360331,12980514,3240705,1341929,4261160,4630358,4746827,60559898
2025-07-11_to_2025-08-09,557,28221937,13164888,3238269,1314097,4285330,4616546,4715402,61183632
2025-07-12_to_2025-08-10,558,28441284,13174046,3282738,1328378,4340455,4502013,4714784,60942174
2025-07-13_to_2025-08-11,559,28430535,13269971,3233590,1322473,4343323,4533695,4717600,60508962
2025-07-14_to_2025-08-12,560,27648251,13283691,3227218,1338979,4313285,4571951,4824140,60961954
2025-07-15_to_2025-08-13,561,27866188,13203752,3226471,1337917,4372288,4709141,4700720,61238218
2025-07-16_to_2025-08-14,562,28654306,13226456,3230622,1361737,4350861,4568366,4747673,60624817
2025-07-17_to_2025-08-15,563,29077076,13134479,3215950,1340220,4387002,4431459,4934272,60767309
2025-07-18_to_2025-08-16,564,28851490,13153861,3211185,1338869,4375714,4540534,4928645,61282574
2025-07-19_to_2025-08-17,565,28691195,12931409,3235154,1364762,4337437,4545696,4893656,61896317
2025-07-20_to_2025-08-18,566,28218236,13044498,3192967,1342450,4304663,4709259,4838632,63042506
2025-07-21_to_2025-08-19,567,27895017,12960021,3169470,1302417,4282651,4832190,4864457,63339278
2025-07-22_to_2025-08-20,568,28592321,12937324,3173219,1316772,4334493,4854713,4746606,63194250
2025-07-23_to_2025-08-21,569,28674340,12855859,3104423,1310758,4270294,4739428,4595374,62987434
2025-07-24_to_2025-08-22,570,29553138,12968588,3073124,1292719,4276293,4882460,4658510,62617522
2025-07-25_to_2025-08-23,571,30365668,12998115,3048816,1285530,4329245,4963055,4690446,61901136
2025-07-26_to_2025-08-24,572,30428774,13140815,3051289,1314290,4267262,5118547,4821802,61425497
2025-07-27_to_2025-08-25,573,29796481,13348724,3067697,1324289,4307128,5176175,4772638,62156066
2025-07-28_to_2025-08-26,574,30375204,13247832,3047341,1361115,4325664,5081343,4724904,61621743
2025-07-29_to_2025-08-27,575,30128994,13107842,3025910,1347611,4350672,5097919,4712121,61207901
2025-07-30_to_2025-08-28,576,30329443,13062441,2987845,1342292,4375883,5119066,4740279,61085391
2025-07-31_to_2025-08-29,577,30564441,13045449,2948770,1332006,4451966,5165324,4717976,61477046
2025-08-01_to_2025-08-30,578,30742711,13167708,3001264,1330590,4428128,5307981,4726171,61684493
2025-08-02_to_2025-08-31,579,29878165,13031113,2994847,1289475,4467267,5327896,4713996,62135790
2025-08-03_to_2025-09-01,580,30160996,13122053,3014137,1294902,4473087,5247300,4676712,61576648
2025-08-04_to_2025-09-02,581,30654600,13119084,2962457,1326733,4484133,5435885,4660005,61036427
2025-08-05_to_2025-09-03,582,30447135,13074104,2900177,1352653,4483923,5612585,4574780,61803479
2025-08-06_to_2025-09-04,583,29561193,12939649,2944934,1330750,4442062,5510728,4510462,62519632
2025-08-07_to_2025-09-05,584,28838417,12832654,2956683,1306572,4405110,5510245,4541123,62491542
2025-08-08_to_2025-09-06,585,29036324,12857368,2870249,1297143,4433735,5622130,4598143,62301230
2025-08-09_to_2025-09-07,586,28747558,12973679,2870015,1303196,4414323,5555048,4696079,62610885
2025-08-10_to_2025-09-08,587,29261851,13008616,2945343,1309522,4390155,5602996,4665149,62875929
2025-08-11_to_2025-09-09,588,29083734,13061548,2872732,1282496,4345110,5587712,4708842,63284353
2025-08-12_to_2025-09-10,589,28669612,13116972,2936670,1295487,4394208,5455687,4640326,64049204
2025-08-13_to_2025-09-11,590,28997592,13262275,2972315,1314830,4355717,5422487,4636738,64430182
2025-08-14_to_2025-09-12,591,29213151,13323395,2992231,1321499,4356419,5384980,4646543,64353924
2025-08-15_to_2025-09-13,592,28489002,13422829,2996972,1319934,4354931,5442143,4599006,64527860
2025-08-16_to_2025-09-14,593,28576666,13509155,2975812,1355006,4289078,5505754,4555838,63994743
2025-08-17_to_2025-09-15,594,28848371,13704575,2973544,1336258,4259921,5517471,4642434,63753208
2025-08-18_to_2025-09-16,595,29148320,13744428,3007631,1342547,4299423,5705125,4648843,63171599
2025-08-19_to_2025-09-17,596,29988727,13875042,3068748,1347286,4362901,5699739,4700063,62931108
2025-08-20_to_2025-09-18,597,30651738,13701297,3010036,1355517,4379982,5676644,4564064,62733580
2025-08-21_to_2025-09-19,598,30255549,13719492,2951183,1378951,4373828,5865346,4649901,62390426
2025-08-22_to_2025-09-20,599,29886961,13710681,3018840,1358038,4383884,5925974,4703056,62679499
2025-08-23_to_2025-09-21,600,29617042,13695036,3022198,1394248,4399882,5928449,4560667,62389480
2025-08-24_to_2025-09-22,601,28883004,13803058,3039441,1433217,4370747,5927240,4444429,62761605
2025-08-25_to_2025-09-23,602,28718471,13699285,3002031,1438682,4343052,5955798,4268178,62817298
2025-08-26_to_2025-09-24,603,29512007,13579026,3039817,1465832,4384954,5896252,4278178,62274345
2025-08-27_to_2025-09-25,604,28720499,13788785,3041462,1444590,4388311,5914264,4323832,62532857
2025-08-28_to_2025-09-26,605,28275061,13868708,3018360,1441599,4345332,5964834,4294007,62913769
2025-08-29_to_2025-09-27,606,27886252,14050901,3044850,1452062,4352452,6012563,4286311,63139682
2025-08-30_to_2025-09-28,607,28394445,14150305,3050421,1448860,4268820,5827194,4337001,62190526
2025-08-31_to_2025-09-29,608,28816739,14151208,3072045,1450450,4326550,5636155,4231346,62486037
2025-09-01_to_2025-09-30,609,29505856,14064126,3062935,1460364,4243128,5499142,4300239,62427535
2025-09-02_to_2025-10-01,610,28881142,14053919,2973320,1468701,4271270,5529446,4398850,62858357
2025-09-03_to_2025-10-02,611,28389981,13987081,2972964,1465852,4309717,5475347,4435485,62956922
2025-09-04_to_2025-10-03,612,29020204,13988617,2972234,1432778,4325543,5471441,4592662,62419219
2025-09-05_to_2025-10-04,613,29627751,13971181,2952772,1412842,4368138,5523329,4663619,62675236
2025-09-06_to_2025-10-05,614,29650904,13945404,2962772,1421853,4391599,5519959,4599051,63471165
2025-09-07_to_2025-10-06,615,29348251,13944385,2999844,1410276,4442344,5558682,4597448,64097215
2025-09-08_to_2025-10-07,616,29660782,13768848,3063733,1404100,4471687,5603731,4638004,63689047
2025-09-09_to_2025-10-08,617,29820578,13752887,3058200,1406872,4424821,5693476,4719095,62947223
2025-09-10_to_2025-10-09,618,30031051,13714779,3061983,1436160,4500213,5784846,4755321,62844097
2025-09-11_to_2025-10-10,619,30692153,13611515,3040236,1443578,4489834,5985620,4786268,62241618
2025-09-12_to_2025-10-11,620,30999871,13624338,3031686,1414125,4500579,6017102,4842481,61720519
2025-09-13_to_2025-10-12,621,30857624,13689332,3020470,1417392,4502793,6008013,4858300,61936170
2025-09-14_to_2025-10-13,622,31029726,13644029,3036880,1390845,4556440,6016674,4853266,61851558
2025-09-15_to_2025-10-14,623,30600784,13559951,3118902,1392338,4546354,5988851,4787563,62494189
2025-09-16_to_2025-10-15,624,30671984,13340347,3039155,1374980,4591004,6022504,4713234,62662069
2025-09-17_to_2025-10-16,625,30175635,13499464,3060727,1366653,4556169,5848795,4664156,63574457
2025-09-18_to_2025-10-17,626,30042124,13473578,3066745,1355319,4566475,5893423,4533444,62423646
2025-09-19_to_2025-10-18,627,29565442,13508672,3145265,1354290,4573953,5933553,4652405,62194214
2025-09-20_to_2025-10-19,628,29275217,13701329,3146352,1322090,4598722,5775149,4571567,62324176
2025-09-21_to_2025-10-20,629,29710325,13643328,3088323,1341570,4594711,5677015,4624227,62539825
2025-09-22_to_2025-10-21,630,29560598,13586674,3071154,1336545,4619653,5535390,4679466,62770254
2025-09-23_to_2025-10-22,631,29876216,13454596,3080005,1335435,4620891,5546080,4848382,62620647
2025-09-24_to_2025-10-23,632,29860148,13511349,3083105,1325924,4635122,5550237,4851413,63347544
2025-09-25_to_2025-10-24,633,29305872,13622713,3024964,1306463,4553264,5589107,4871962,62946527
2025-09-26_to_2025-10-25,634,29545874,13529904,3048925,1337329,4598105,5721720,4751000,63067413
2025-09-27_to_2025-10-26,635,29961165,13527404,3098918,1331047,4606022,5672608,4716605,62691770
2025-09-28_to_2025-10-27,636,30262136,13362994,3087729,1338213,4611815,5699663,4777132,63163310
2025-09-29_to_2025-10-28,637,29473908,13316991,3041431,1328223,4706313,5703440,4620220,63248689
2025-09-30_to_2025-10-29,638,29588430,13342204,3036845,1332196,4685386,5781542,4719434,63158407
2025-10-01_to_2025-10-30,639,29255990,13422957,3061057,1354579,4723245,5831914,4777793,63656853
2025-10-02_to_2025-10-31,640,29872903,13334709,3150197,1337054,4680645,5811691,4671158,63553378
2025-10-03_to_2025-11-01,641,30245447,13404540,3149260,1320912,4651678,5667865,4517220,64365178
2025-10-04_to_2025-11-02,642,29634009,13622518,3148337,1341324,4613602,5681091,4378338,64440219
2025-10-05_to_2025-11-03,643,29679257,13776329,3100828,1384128,4654926,5666108,4413660,63889226
2025-10-06_to_2025-11-04,644,30349125,13799770,3077072,1374109,4660134,5795675,4415280,63868563
2025-10-07_to_2025-11-05,645,31131118,13704309,3071233,1364347,4606350,5790167,4429691,62994113
2025-10-08_to_2025-11-06,646,30574298,13857391,3029730,1368675,4601468,5830325,4427160,62959418
2025-10-09_to_2025-11-07,647,30167804,13800401,3045757,1367928,4615696,5661183,4288454,62452146
2025-10-10_to_2025-11-08,648,30326681,13797894,3038245,1342126,4554518,5508862,4275771,61940001
2025-10-11_to_2025-11-09,649,30043240,13720709,3022498,1308858,4541506,5352131,4252676,62071378
2025-10-12_to_2025-11-10,650,29885528,13482344,3061922,1323459,4572725,5228432,4166109,61962213
2025-10-13_to_2025-11-11,651,30205774,13376030,3018746,1296511,4532274,5241006,4265829,61910683
2025-10-14_to_2025-11-12,652,30159861,13397134,3013374,1330112,4497136,5164836,4289105,61836016
2025-10-15_to_2025-11-13,653,30699441,13390595,2959518,1299992,4568718,5301159,4274766,61569152
2025-10-16_to_2025-11-14,654,30725315,13508772,3026853,1309736,4559853,5238783,4292757,61890013
2025-10-17_to_2025-11-15,655,31379018,13545731,2990538,1279620,4610272,5455213,4314065,60722029
2025-10-18_to_2025-11-16,656,30671779,13371941,2928918,1280748,4538872,5296468,4334920,61138056
2025-10-19_to_2025-11-17,657,30642174,13462254,2851417,1309052,4466134,5182233,4280950,61869115
2025-10-20_to_2025-11-18,658,30839954,13330230,2842003,1335982,4409422,5293503,4273082,62150719
2025-10-21_to_2025-11-19,659,30528944,13570808,2821229,1317417,4477905,5471890,4351632,61420834
2025-10-22_to_2025-11-20,660,30609557,13576387,2868149,1320979,4509525,5545033,4340624,61015091
2025-10-23_to_2025-11-21,661,30596078,13518228,2933068,1317327,4526897,5431706,4297343,60986267
2025-10-24_to_2025-11-22,662,31273746,13388473,2977998,1321485,4566167,5413220,4406455,60937516
2025-10-25_to_2025-11-23,663,31000184,13325442,2984207,1297650,4649478,5283153,4406413,61686218
2025-10-26_to_2025-11-24,664,31445325,13334647,2902246,1271187,4599513,5118116,4396379,61217013
2025-10-27_to_2025-11-25,665,31161016,13236698,2844085,1268658,4651891,4974175,4555247,61218135
2025-10-28_to_2025-11-26,666,31599597,13487691,2815229,1245155,4671950,4939906,4403782,60333663
2025-10-29_to_2025-11-27,667,31579733,13532840,2840573,1258534,4657153,4916662,4463194,60688848
2025-10-30_to_2025-11-28,668,31295199,13593964,2835225,1245935,4680241,5065352,4442491,60054627
2025-10-31_to_2025-11-29,669,31751152,13716449,2800540,1257819,4667460,5150903,4312530,59641179
2025-11-01_to_2025-11-30,670,31614787,13705167,2786717,1296595,4673243,5100051,4376818,59844873
2025-11-02_to_2025-12-01,671,32091932,13731040,2781622,1284944,4740748,5228191,4506701,59463300
